Name,Term,ES,NES,NOM p-val,FDR q-val,FWER p-val,Tag %,Gene %,Lead_genes
prerank,prions,-0.7571675117304196,-1.369886049400184,0.0319634703196347,0.0319634703196347,0.0319634703196347,6/20,9.14%,SWI1;NSP1;NUP100;NEW1;YPR022C;KSP1
