features,likelihood ratio statistic,p-value
Model 2: Chr. cost,73.47038177840636,1.0215764524969121e-17
snoRNA,5.1302442086666815,0.023512419306658056
tRNA,10.65744249388058,0.0010962887572383174
