features,likelihood ratio statistic,p-value
Model 2: Chr. cost,144.55575669835582,2.6858673733870872e-33
snoRNA,25.933442347408004,3.533935654130148e-07
tRNA,35.8366126730491,2.145773844173445e-09
Retrotransposon,22.502717191565978,2.0984655346942003e-06
