Chromosome,WT,ssd1
1;3,90.88542273,90.24085521
1;3,91.15059838,91.11932193
1;3,79.63429453,79.94655226
1;3,86.36257744,82.90737262
4;9,66.68825192,48.49100193
4;9,67.60013023,49.4391881
4;9,56.77147431,40.76677164
4;9,60.5551711,47.10002893
4;9,66.77339918,42.21571851
4;9,66.43525557,45.24099853
5;8,83.18388503,72.06198846
5;8,83.18388503,67.52666783
5;8,83.5110565,76.46010955
8;13,69.05778302,49.70463573
8;13,71.79201833,43.45534454
8;13,65.39663714,53.51055632
8;13,61.39672908,53.57376933
