Chromosome,WT,WT,WT,WT,WT,WT,ssd1,ssd1,ssd1,ssd1,ssd1,ssd1
6,78.33867444,71.55550972,73.53641535,69.45443333,,,54.9830654,66.57894446,64.39018291,65.28635508,,
1;3,90.88542273,91.15059838,79.63429453,86.36257744,,,90.24085521,91.11932193,79.94655226,82.90737262,,
4;9,66.68825192,67.60013023,56.77147431,60.5551711,66.77339918,66.43525557,48.49100193,49.4391881,40.76677164,47.10002893,42.21571851,45.24099853
5;8,83.18388503,83.18388503,83.5110565,,,,72.06198846,67.52666783,76.46010955,,,
8;13,69.05778302,71.79201833,65.39663714,61.39672908,,,49.70463573,43.45534454,53.51055632,53.57376933,,
